Residue,Total,Energy wt,Residue,Total,Energy
THR,25,-0.355809247,THR,25,-0.272339273
LEU,27,-0.670542544,LEU,27,-0.568661814
PRO,39,-0.156062859,PRO,39,-0.113823069
ARG,40,-0.175621906,ARG,40,-0.124522082
HID,41,-1.664261261,HID,41,-0.996859489
VAL,42,-0.260994163,VAL,42,-0.14346387
CYS,44,-0.105091128,CYS,44,-0.088468806
MET,49,-1.458810534,MET,49,-1.108783354
ASN,142,-0.074439356,ASN,142,-0.340246195
GLY,143,-0.50649935,GLY,143,-0.515323597
SER,144,-0.361982564,SER,144,-0.347914954
CYS,145,-1.285166061,CYS,145,-1.261272236
HIE,164,-0.229438503,HIE,164,-0.096703383
MET,165,-2.77964787,MET,165,-2.65508064
GLU,166,-1.820373747,GLU,166,-2.305365261
LEU,167,-0.529981763,LEU,167,-0.565623624
PRO,168,-0.748726508,PRO,168,-0.910222997
HIE,172,-0.223107932,HIE,172,-0.137396488
VAL,186,-0.107377087,VAL,186,-0.124564283
ARG,188,-0.416357224,ARG,188,-0.418695589
GLN,189,-1.655414214,GLN,189,-1.688353729
THR,190,-0.156218396,THR,190,-0.196640733
ALA,191,-0.11661535,ALA,191,-0.096686677
GLN,192,-0.2200518,GLN,192,-0.201526133
